id,request_id,candidate_id,hire_date,end_date
"HIRE-1","REQ-0001","SYN-00001","2026-02-19",""
"HIRE-2","REQ-0001","SYN-00002","2026-02-24",""
"HIRE-3","REQ-0001","SYN-00003","2026-02-11",""
"HIRE-4","REQ-0001","SYN-00004","2026-03-10",""
"HIRE-5","REQ-0001","SYN-00005","2026-03-02",""
"HIRE-6","REQ-0001","SYN-00006","2026-02-26",""
"HIRE-7","REQ-0003","SYN-00007","2026-02-20","2026-05-01"
"HIRE-8","REQ-0003","SYN-00008","2026-01-28",""
"HIRE-9","REQ-0003","SYN-00009","2026-02-02",""
"HIRE-10","REQ-0003","SYN-00010","2026-01-30",""
"HIRE-11","REQ-0004","SYN-00011","2026-02-07","2026-06-18"
"HIRE-12","REQ-0004","SYN-00012","2026-02-23",""
"HIRE-13","REQ-0004","SYN-00013","2026-03-05",""
"HIRE-14","REQ-0004","SYN-00014","2026-02-14",""
"HIRE-15","REQ-0004","SYN-00015","2026-02-21",""
"HIRE-16","REQ-0005","SYN-00016","2026-07-24",""
"HIRE-17","REQ-0005","SYN-00017","2026-07-28",""
"HIRE-18","REQ-0005","SYN-00018","2026-08-01",""
"HIRE-19","REQ-0005","SYN-00019","2026-08-31",""
"HIRE-20","REQ-0005","SYN-00020","2026-08-18",""
"HIRE-21","REQ-0005","SYN-00021","2026-08-27",""
"HIRE-22","REQ-0006","SYN-00022","2026-05-04",""
"HIRE-23","REQ-0006","SYN-00023","2026-05-08",""
"HIRE-24","REQ-0006","SYN-00024","2026-05-18",""
"HIRE-25","REQ-0006","SYN-00025","2026-05-04",""
"HIRE-26","REQ-0007","SYN-00026","2026-07-09",""
"HIRE-27","REQ-0007","SYN-00027","2026-06-27",""
"HIRE-28","REQ-0008","SYN-00028","2026-02-27",""
"HIRE-29","REQ-0008","SYN-00029","2026-03-19",""
"HIRE-30","REQ-0008","SYN-00030","2026-03-18",""
"HIRE-31","REQ-0008","SYN-00031","2026-02-13","2026-04-20"
"HIRE-32","REQ-0008","SYN-00032","2026-02-03",""
"HIRE-33","REQ-0008","SYN-00033","2026-03-02","2026-04-08"
"HIRE-34","REQ-0009","SYN-00034","2026-06-18",""
"HIRE-35","REQ-0009","SYN-00035","2026-05-28",""
"HIRE-36","REQ-0009","SYN-00036","2026-06-16",""
"HIRE-37","REQ-0010","SYN-00037","2026-06-07",""
"HIRE-38","REQ-0010","SYN-00038","2026-05-29",""
"HIRE-39","REQ-0010","SYN-00039","2026-06-05",""
"HIRE-40","REQ-0012","SYN-00040","2026-06-23",""
"HIRE-41","REQ-0012","SYN-00041","2026-07-12",""
"HIRE-42","REQ-0013","SYN-00042","2026-04-10",""
"HIRE-43","REQ-0013","SYN-00043","2026-04-17",""
"HIRE-44","REQ-0014","SYN-00044","2026-05-27",""
"HIRE-45","REQ-0015","SYN-00045","2026-06-20",""
"HIRE-46","REQ-0015","SYN-00046","2026-06-15","2026-08-28"
"HIRE-47","REQ-0015","SYN-00047","2026-07-16",""
"HIRE-48","REQ-0015","SYN-00048","2026-06-03","2026-08-17"
"HIRE-49","REQ-0015","SYN-00049","2026-06-10",""
"HIRE-50","REQ-0016","SYN-00050","2026-04-07",""
"HIRE-51","REQ-0016","SYN-00051","2026-05-12","2026-07-29"
"HIRE-52","REQ-0016","SYN-00052","2026-04-22",""
"HIRE-53","REQ-0016","SYN-00053","2026-04-11",""
"HIRE-54","REQ-0016","SYN-00054","2026-05-07",""
"HIRE-55","REQ-0017","SYN-00055","2026-02-27",""
"HIRE-56","REQ-0017","SYN-00056","2026-03-05",""
"HIRE-57","REQ-0017","SYN-00057","2026-02-22",""
"HIRE-58","REQ-0017","SYN-00058","2026-03-01","2026-04-18"
"HIRE-59","REQ-0017","SYN-00059","2026-02-19",""
"HIRE-60","REQ-0019","SYN-00060","2026-01-28",""
"HIRE-61","REQ-0019","SYN-00061","2026-01-27",""
"HIRE-62","REQ-0019","SYN-00062","2026-02-02","2026-06-07"
"HIRE-63","REQ-0022","SYN-00063","2026-06-24",""
"HIRE-64","REQ-0022","SYN-00064","2026-06-09",""
"HIRE-65","REQ-0022","SYN-00065","2026-05-28",""
"HIRE-66","REQ-0023","SYN-00066","2026-02-10",""
"HIRE-67","REQ-0023","SYN-00067","2026-01-22",""
"HIRE-68","REQ-0023","SYN-00068","2026-01-31","2026-05-10"
"HIRE-69","REQ-0023","SYN-00069","2026-01-22",""
"HIRE-70","REQ-0023","SYN-00070","2026-01-24",""
"HIRE-71","REQ-0024","SYN-00071","2026-03-13",""
"HIRE-72","REQ-0025","SYN-00072","2026-03-01","2026-04-22"
"HIRE-73","REQ-0025","SYN-00073","2026-03-03",""
"HIRE-74","REQ-0025","SYN-00074","2026-02-25",""
"HIRE-75","REQ-0025","SYN-00075","2026-02-27",""
"HIRE-76","REQ-0025","SYN-00076","2026-03-12",""
"HIRE-77","REQ-0026","SYN-00077","2026-03-17",""
"HIRE-78","REQ-0026","SYN-00078","2026-03-25",""
"HIRE-79","REQ-0026","SYN-00079","2026-03-20","2026-04-11"
"HIRE-80","REQ-0026","SYN-00080","2026-03-03","2026-05-23"
"HIRE-81","REQ-0027","SYN-00081","2026-07-16",""
"HIRE-82","REQ-0027","SYN-00082","2026-06-20",""
"HIRE-83","REQ-0028","SYN-00083","2026-02-14",""
"HIRE-84","REQ-0029","SYN-00084","2026-03-11","2026-07-15"
"HIRE-85","REQ-0029","SYN-00085","2026-03-14",""
"HIRE-86","REQ-0029","SYN-00086","2026-03-12","2026-08-08"
"HIRE-87","REQ-0030","SYN-00087","2026-03-03",""
"HIRE-88","REQ-0030","SYN-00088","2026-03-03",""
"HIRE-89","REQ-0030","SYN-00089","2026-03-10","2026-04-09"
"HIRE-90","REQ-0030","SYN-00090","2026-03-14",""
"HIRE-91","REQ-0030","SYN-00091","2026-03-20",""
"HIRE-92","REQ-0032","SYN-00092","2026-04-12","2026-08-14"
"HIRE-93","REQ-0032","SYN-00093","2026-04-15",""
"HIRE-94","REQ-0033","SYN-00094","2026-08-13",""
"HIRE-95","REQ-0035","SYN-00095","2026-07-14",""
"HIRE-96","REQ-0035","SYN-00096","2026-07-07","2026-08-06"
"HIRE-97","REQ-0035","SYN-00097","2026-07-07","2026-09-05"
"HIRE-98","REQ-0036","SYN-00098","2026-02-04",""
"HIRE-99","REQ-0036","SYN-00099","2026-02-08",""
"HIRE-100","REQ-0036","SYN-00100","2026-01-27",""
"HIRE-101","REQ-0036","SYN-00101","2026-02-02",""
"HIRE-102","REQ-0036","SYN-00102","2026-01-24",""
"HIRE-103","REQ-0036","SYN-00103","2026-02-05",""
"HIRE-104","REQ-0037","SYN-00104","2026-09-13",""
"HIRE-105","REQ-0038","SYN-00105","2026-06-18",""
"HIRE-106","REQ-0038","SYN-00106","2026-06-03",""
"HIRE-107","REQ-0039","SYN-00107","2026-09-05",""
"HIRE-108","REQ-0039","SYN-00108","2026-09-03",""
"HIRE-109","REQ-0040","SYN-00109","2026-07-16",""
"HIRE-110","REQ-0041","SYN-00110","2026-06-04",""
"HIRE-111","REQ-0041","SYN-00111","2026-05-20",""
"HIRE-112","REQ-0041","SYN-00112","2026-05-03",""
"HIRE-113","REQ-0042","SYN-00113","2026-05-05",""
"HIRE-114","REQ-0042","SYN-00114","2026-05-10",""
"HIRE-115","REQ-0044","SYN-00115","2026-08-12",""
"HIRE-116","REQ-0044","SYN-00116","2026-08-04",""
"HIRE-117","REQ-0045","SYN-00117","2026-08-28",""
"HIRE-118","REQ-0045","SYN-00118","2026-09-01",""
"HIRE-119","REQ-0045","SYN-00119","2026-08-20",""
"HIRE-120","REQ-0046","SYN-00120","2026-06-05",""
"HIRE-121","REQ-0046","SYN-00121","2026-05-24",""
"HIRE-122","REQ-0046","SYN-00122","2026-05-13",""
"HIRE-123","REQ-0047","SYN-00123","2026-04-02",""
"HIRE-124","REQ-0047","SYN-00124","2026-03-17",""
"HIRE-125","REQ-0047","SYN-00125","2026-03-27",""
"HIRE-126","REQ-0047","SYN-00126","2026-03-31",""
"HIRE-127","REQ-0047","SYN-00127","2026-04-06",""
"HIRE-128","REQ-0048","SYN-00128","2026-07-25",""
"HIRE-129","REQ-0048","SYN-00129","2026-07-09",""
"HIRE-130","REQ-0048","SYN-00130","2026-07-07",""
"HIRE-131","REQ-0048","SYN-00131","2026-07-03",""
"HIRE-132","REQ-0049","SYN-00132","2026-06-06","2026-07-27"
"HIRE-133","REQ-0050","SYN-00133","2026-01-23",""
"HIRE-134","REQ-0050","SYN-00134","2026-01-27",""
"HIRE-135","REQ-0050","SYN-00135","2026-02-12",""
"HIRE-136","REQ-0050","SYN-00136","2026-02-18",""
"HIRE-137","REQ-0051","SYN-00137","2026-03-06",""
"HIRE-138","REQ-0051","SYN-00138","2026-02-09",""
"HIRE-139","REQ-0051","SYN-00139","2026-03-12",""
"HIRE-140","REQ-0051","SYN-00140","2026-03-08","2026-06-10"
"HIRE-141","REQ-0051","SYN-00141","2026-02-21",""
"HIRE-142","REQ-0052","SYN-00142","2026-02-11",""
"HIRE-143","REQ-0052","SYN-00143","2026-03-03",""
"HIRE-144","REQ-0053","SYN-00144","2026-05-11",""
"HIRE-145","REQ-0054","SYN-00145","2026-08-23",""
"HIRE-146","REQ-0055","SYN-00146","2026-03-12",""
"HIRE-147","REQ-0055","SYN-00147","2026-03-07",""
"HIRE-148","REQ-0055","SYN-00148","2026-03-13",""
"HIRE-149","REQ-0055","SYN-00149","2026-03-29",""
"HIRE-150","REQ-0055","SYN-00150","2026-03-16",""
"HIRE-151","REQ-0055","SYN-00151","2026-03-20",""
"HIRE-152","REQ-0056","SYN-00152","2026-08-27",""
"HIRE-153","REQ-0056","SYN-00153","2026-09-15",""
"HIRE-154","REQ-0057","SYN-00154","2026-02-12","2026-06-19"
"HIRE-155","REQ-0057","SYN-00155","2026-02-18",""
"HIRE-156","REQ-0057","SYN-00156","2026-03-01",""
"HIRE-157","REQ-0058","SYN-00157","2026-07-31",""
"HIRE-158","REQ-0061","SYN-00158","2026-02-15",""
"HIRE-159","REQ-0061","SYN-00159","2026-02-22","2026-07-22"
"HIRE-160","REQ-0061","SYN-00160","2026-02-06",""
"HIRE-161","REQ-0061","SYN-00161","2026-02-22","2026-07-12"
"HIRE-162","REQ-0061","SYN-00162","2026-02-16",""
"HIRE-163","REQ-0061","SYN-00163","2026-02-11",""
"HIRE-164","REQ-0062","SYN-00164","2026-09-14",""
"HIRE-165","REQ-0062","SYN-00165","2026-09-13",""
"HIRE-166","REQ-0063","SYN-00166","2026-08-08",""
"HIRE-167","REQ-0063","SYN-00167","2026-08-10",""
"HIRE-168","REQ-0063","SYN-00168","2026-08-12",""
"HIRE-169","REQ-0064","SYN-00169","2026-08-27",""
"HIRE-170","REQ-0065","SYN-00170","2026-05-23",""
"HIRE-171","REQ-0065","SYN-00171","2026-05-17",""
"HIRE-172","REQ-0065","SYN-00172","2026-05-08","2026-06-06"
"HIRE-173","REQ-0065","SYN-00173","2026-05-21",""
"HIRE-174","REQ-0065","SYN-00174","2026-05-10",""
"HIRE-175","REQ-0066","SYN-00175","2026-02-11",""
"HIRE-176","REQ-0066","SYN-00176","2026-02-06",""
"HIRE-177","REQ-0067","SYN-00177","2026-07-27",""
"HIRE-178","REQ-0067","SYN-00178","2026-07-26",""
"HIRE-179","REQ-0067","SYN-00179","2026-07-12",""
"HIRE-180","REQ-0067","SYN-00180","2026-07-21",""
"HIRE-181","REQ-0067","SYN-00181","2026-08-03",""
"HIRE-182","REQ-0068","SYN-00182","2026-06-13",""
"HIRE-183","REQ-0069","SYN-00183","2026-08-30",""
"HIRE-184","REQ-0070","SYN-00184","2026-02-04",""
"HIRE-185","REQ-0070","SYN-00185","2026-01-30",""
"HIRE-186","REQ-0070","SYN-00186","2026-02-10",""
"HIRE-187","REQ-0070","SYN-00187","2026-01-24",""
"HIRE-188","REQ-0071","SYN-00188","2026-04-14",""
"HIRE-189","REQ-0071","SYN-00189","2026-04-10",""
"HIRE-190","REQ-0071","SYN-00190","2026-04-07",""
"HIRE-191","REQ-0072","SYN-00191","2026-04-04",""
"HIRE-192","REQ-0072","SYN-00192","2026-03-28",""
"HIRE-193","REQ-0073","SYN-00193","2026-03-22",""
"HIRE-194","REQ-0073","SYN-00194","2026-02-24","2026-05-29"
"HIRE-195","REQ-0073","SYN-00195","2026-03-14","2026-07-08"
"HIRE-196","REQ-0073","SYN-00196","2026-02-28",""
"HIRE-197","REQ-0074","SYN-00197","2026-03-07",""
"HIRE-198","REQ-0075","SYN-00198","2026-05-02",""
"HIRE-199","REQ-0075","SYN-00199","2026-04-06",""
"HIRE-200","REQ-0076","SYN-00200","2026-04-13",""
"HIRE-201","REQ-0076","SYN-00201","2026-05-15",""
"HIRE-202","REQ-0076","SYN-00202","2026-04-18",""
"HIRE-203","REQ-0076","SYN-00203","2026-04-13",""
"HIRE-204","REQ-0077","SYN-00204","2026-02-06",""
"HIRE-205","REQ-0077","SYN-00205","2026-02-13",""
"HIRE-206","REQ-0078","SYN-00206","2026-04-08",""
"HIRE-207","REQ-0078","SYN-00207","2026-05-04","2026-08-01"
"HIRE-208","REQ-0078","SYN-00208","2026-04-16",""
"HIRE-209","REQ-0079","SYN-00209","2026-03-11",""
"HIRE-210","REQ-0080","SYN-00210","2026-02-17",""
"HIRE-211","REQ-0081","SYN-00211","2026-08-02",""
"HIRE-212","REQ-0081","SYN-00212","2026-08-12",""
"HIRE-213","REQ-0081","SYN-00213","2026-08-02",""
"HIRE-214","REQ-0082","SYN-00214","2026-06-17",""
"HIRE-215","REQ-0082","SYN-00215","2026-06-04",""
"HIRE-216","REQ-0082","SYN-00216","2026-06-23",""
"HIRE-217","REQ-0082","SYN-00217","2026-05-26",""
"HIRE-218","REQ-0082","SYN-00218","2026-06-18",""
"HIRE-219","REQ-0083","SYN-00219","2026-05-29",""
"HIRE-220","REQ-0083","SYN-00220","2026-04-24",""
"HIRE-221","REQ-0084","SYN-00221","2026-04-04",""
"HIRE-222","REQ-0085","SYN-00222","2026-08-28",""
"HIRE-223","REQ-0087","SYN-00223","2026-07-03",""
"HIRE-224","REQ-0088","SYN-00224","2026-04-22",""
"HIRE-225","REQ-0088","SYN-00225","2026-05-02",""
"HIRE-226","REQ-0088","SYN-00226","2026-04-24",""
"HIRE-227","REQ-0088","SYN-00227","2026-05-04",""
"HIRE-228","REQ-0088","SYN-00228","2026-04-29",""
"HIRE-229","REQ-0089","SYN-00229","2026-08-25",""
"HIRE-230","REQ-0089","SYN-00230","2026-08-25",""
"HIRE-231","REQ-0089","SYN-00231","2026-09-01",""
"HIRE-232","REQ-0090","SYN-00232","2026-06-19",""
"HIRE-233","REQ-0090","SYN-00233","2026-07-06",""
"HIRE-234","REQ-0090","SYN-00234","2026-06-24",""
"HIRE-235","REQ-0091","SYN-00235","2026-05-30",""
"HIRE-236","REQ-0091","SYN-00236","2026-06-22",""
"HIRE-237","REQ-0091","SYN-00237","2026-05-29",""
"HIRE-238","REQ-0091","SYN-00238","2026-06-25",""
"HIRE-239","REQ-0092","SYN-00239","2026-09-07",""
"HIRE-240","REQ-0093","SYN-00240","2026-01-30",""
"HIRE-241","REQ-0094","SYN-00241","2026-05-30","2026-07-04"
"HIRE-242","REQ-0094","SYN-00242","2026-05-26",""
"HIRE-243","REQ-0095","SYN-00243","2026-08-14",""
"HIRE-244","REQ-0095","SYN-00244","2026-07-18",""
"HIRE-245","REQ-0095","SYN-00245","2026-08-07",""
"HIRE-246","REQ-0096","SYN-00246","2026-04-15",""
"HIRE-247","REQ-0096","SYN-00247","2026-04-08",""
"HIRE-248","REQ-0096","SYN-00248","2026-04-14",""
"HIRE-249","REQ-0097","SYN-00249","2026-04-04",""
"HIRE-250","REQ-0097","SYN-00250","2026-04-08",""
"HIRE-251","REQ-0097","SYN-00251","2026-04-12",""
"HIRE-252","REQ-0098","SYN-00252","2026-06-21",""
"HIRE-253","REQ-0098","SYN-00253","2026-06-07","2026-06-29"
"HIRE-254","REQ-0098","SYN-00254","2026-06-21","2026-09-15"
"HIRE-255","REQ-0099","SYN-00255","2026-03-14","2026-08-10"
"HIRE-256","REQ-0100","SYN-00256","2026-08-16",""
"HIRE-257","REQ-0101","SYN-00257","2026-08-16",""
"HIRE-258","REQ-0101","SYN-00258","2026-07-30",""
"HIRE-259","REQ-0101","SYN-00259","2026-07-17",""
"HIRE-260","REQ-0101","SYN-00260","2026-07-19",""
"HIRE-261","REQ-0101","SYN-00261","2026-07-22",""
"HIRE-262","REQ-0102","SYN-00262","2026-01-29",""
"HIRE-263","REQ-0102","SYN-00263","2026-01-12",""
"HIRE-264","REQ-0102","SYN-00264","2026-01-24",""
"HIRE-265","REQ-0102","SYN-00265","2026-02-06",""
"HIRE-266","REQ-0103","SYN-00266","2026-08-12",""
"HIRE-267","REQ-0103","SYN-00267","2026-07-26",""
"HIRE-268","REQ-0105","SYN-00268","2026-06-10",""
"HIRE-269","REQ-0105","SYN-00269","2026-07-12",""
"HIRE-270","REQ-0105","SYN-00270","2026-06-15",""
"HIRE-271","REQ-0105","SYN-00271","2026-07-02",""
"HIRE-272","REQ-0105","SYN-00272","2026-06-10",""
"HIRE-273","REQ-0105","SYN-00273","2026-07-12","2026-09-02"
"HIRE-274","REQ-0107","SYN-00274","2026-06-30",""
"HIRE-275","REQ-0107","SYN-00275","2026-07-15",""
"HIRE-276","REQ-0108","SYN-00276","2026-09-09",""
"HIRE-277","REQ-0108","SYN-00277","2026-09-07",""
"HIRE-278","REQ-0108","SYN-00278","2026-09-03",""
"HIRE-279","REQ-0109","SYN-00279","2026-04-28","2026-05-21"
"HIRE-280","REQ-0110","SYN-00280","2026-01-17",""
"HIRE-281","REQ-0110","SYN-00281","2026-01-14",""
"HIRE-282","REQ-0110","SYN-00282","2026-02-01","2026-06-23"
"HIRE-283","REQ-0110","SYN-00283","2026-02-03",""
"HIRE-284","REQ-0110","SYN-00284","2026-01-23",""
"HIRE-285","REQ-0110","SYN-00285","2026-01-16",""
"HIRE-286","REQ-0111","SYN-00286","2026-03-10",""
"HIRE-287","REQ-0111","SYN-00287","2026-03-24",""
"HIRE-288","REQ-0111","SYN-00288","2026-03-10",""
"HIRE-289","REQ-0112","SYN-00289","2026-07-20",""
"HIRE-290","REQ-0113","SYN-00290","2026-09-11",""
"HIRE-291","REQ-0113","SYN-00291","2026-09-06",""
"HIRE-292","REQ-0114","SYN-00292","2026-09-07",""
"HIRE-293","REQ-0114","SYN-00293","2026-09-07",""
"HIRE-294","REQ-0114","SYN-00294","2026-09-07",""
"HIRE-295","REQ-0115","SYN-00295","2026-07-31",""
"HIRE-296","REQ-0115","SYN-00296","2026-08-02",""
"HIRE-297","REQ-0115","SYN-00297","2026-08-23",""
"HIRE-298","REQ-0116","SYN-00298","2026-08-06",""
"HIRE-299","REQ-0116","SYN-00299","2026-08-11",""
"HIRE-300","REQ-0116","SYN-00300","2026-07-29",""
"HIRE-301","REQ-0116","SYN-00301","2026-07-31",""
"HIRE-302","REQ-0117","SYN-00302","2026-02-16",""
"HIRE-303","REQ-0117","SYN-00303","2026-02-11",""
"HIRE-304","REQ-0117","SYN-00304","2026-02-15",""
"HIRE-305","REQ-0117","SYN-00305","2026-01-15","2026-06-15"
"HIRE-306","REQ-0117","SYN-00306","2026-02-01",""
"HIRE-307","REQ-0117","SYN-00307","2026-01-15",""
"HIRE-308","REQ-0118","SYN-00308","2026-03-16","2026-05-24"
"HIRE-309","REQ-0118","SYN-00309","2026-04-08",""
"HIRE-310","REQ-0118","SYN-00310","2026-03-15",""
"HIRE-311","REQ-0118","SYN-00311","2026-03-31",""
"HIRE-312","REQ-0119","SYN-00312","2026-04-30","2026-06-15"
"HIRE-313","REQ-0119","SYN-00313","2026-04-18",""
"HIRE-314","REQ-0120","SYN-00314","2026-04-22","2026-07-17"
"HIRE-315","REQ-0120","SYN-00315","2026-04-10",""
"HIRE-316","REQ-0121","SYN-00316","2026-03-01",""
"HIRE-317","REQ-0122","SYN-00317","2026-09-04",""
"HIRE-318","REQ-0122","SYN-00318","2026-09-06",""
"HIRE-319","REQ-0122","SYN-00319","2026-09-03",""
"HIRE-320","REQ-0123","SYN-00320","2026-09-02",""
"HIRE-321","REQ-0123","SYN-00321","2026-09-13",""
"HIRE-322","REQ-0124","SYN-00322","2026-07-11",""
"HIRE-323","REQ-0124","SYN-00323","2026-06-26",""
"HIRE-324","REQ-0124","SYN-00324","2026-07-01",""
"HIRE-325","REQ-0124","SYN-00325","2026-07-05",""
"HIRE-326","REQ-0125","SYN-00326","2026-06-27",""
"HIRE-327","REQ-0125","SYN-00327","2026-07-04",""
"HIRE-328","REQ-0126","SYN-00328","2026-08-17",""
"HIRE-329","REQ-0126","SYN-00329","2026-08-08",""
"HIRE-330","REQ-0126","SYN-00330","2026-08-06",""
"HIRE-331","REQ-0126","SYN-00331","2026-08-22",""
"HIRE-332","REQ-0126","SYN-00332","2026-08-25",""
"HIRE-333","REQ-0127","SYN-00333","2026-04-11","2026-06-11"
"HIRE-334","REQ-0127","SYN-00334","2026-04-08",""
"HIRE-335","REQ-0127","SYN-00335","2026-03-30","2026-06-13"
"HIRE-336","REQ-0127","SYN-00336","2026-04-03",""
"HIRE-337","REQ-0127","SYN-00337","2026-03-29",""
"HIRE-338","REQ-0128","SYN-00338","2026-07-08",""
"HIRE-339","REQ-0128","SYN-00339","2026-07-26","2026-09-07"
"HIRE-340","REQ-0128","SYN-00340","2026-07-16",""
"HIRE-341","REQ-0128","SYN-00341","2026-07-12",""
"HIRE-342","REQ-0129","SYN-00342","2026-06-19",""
"HIRE-343","REQ-0129","SYN-00343","2026-07-02",""
"HIRE-344","REQ-0131","SYN-00344","2026-09-03",""
"HIRE-345","REQ-0131","SYN-00345","2026-07-31",""
"HIRE-346","REQ-0131","SYN-00346","2026-07-23",""
"HIRE-347","REQ-0132","SYN-00347","2026-09-10",""
"HIRE-348","REQ-0132","SYN-00348","2026-09-09",""
"HIRE-349","REQ-0132","SYN-00349","2026-09-11",""
"HIRE-350","REQ-0133","SYN-00350","2026-05-19",""
"HIRE-351","REQ-0133","SYN-00351","2026-07-03",""
"HIRE-352","REQ-0134","SYN-00352","2026-05-01",""
"HIRE-353","REQ-0134","SYN-00353","2026-04-28",""
"HIRE-354","REQ-0136","SYN-00354","2026-09-06",""
"HIRE-355","REQ-0136","SYN-00355","2026-09-11",""
"HIRE-356","REQ-0138","SYN-00356","2026-06-09",""
"HIRE-357","REQ-0138","SYN-00357","2026-06-04","2026-07-01"
"HIRE-358","REQ-0138","SYN-00358","2026-06-18",""
"HIRE-359","REQ-0138","SYN-00359","2026-06-24",""
"HIRE-360","REQ-0138","SYN-00360","2026-05-16",""
"HIRE-361","REQ-0139","SYN-00361","2026-03-09",""
"HIRE-362","REQ-0139","SYN-00362","2026-03-04",""
"HIRE-363","REQ-0139","SYN-00363","2026-03-11","2026-04-22"
"HIRE-364","REQ-0140","SYN-00364","2026-06-06",""
"HIRE-365","REQ-0140","SYN-00365","2026-05-30",""
"HIRE-366","REQ-0140","SYN-00366","2026-05-17","2026-08-14"
"HIRE-367","REQ-0140","SYN-00367","2026-05-17","2026-07-23"
"HIRE-368","REQ-0140","SYN-00368","2026-05-26",""
"HIRE-369","REQ-0142","SYN-00369","2026-03-10",""
"HIRE-370","REQ-0142","SYN-00370","2026-03-31",""
"HIRE-371","REQ-0142","SYN-00371","2026-03-03",""
"HIRE-372","REQ-0142","SYN-00372","2026-02-28",""
"HIRE-373","REQ-0142","SYN-00373","2026-02-26",""
"HIRE-374","REQ-0143","SYN-00374","2026-01-20",""
"HIRE-375","REQ-0144","SYN-00375","2026-04-20","2026-06-30"
"HIRE-376","REQ-0144","SYN-00376","2026-05-04","2026-07-24"
"HIRE-377","REQ-0144","SYN-00377","2026-04-30",""
"HIRE-378","REQ-0145","SYN-00378","2026-04-12",""
"HIRE-379","REQ-0146","SYN-00379","2026-06-17",""
"HIRE-380","REQ-0146","SYN-00380","2026-06-16","2026-07-13"
"HIRE-381","REQ-0146","SYN-00381","2026-06-07",""
"HIRE-382","REQ-0146","SYN-00382","2026-06-03",""
"HIRE-383","REQ-0147","SYN-00383","2026-09-06",""
"HIRE-384","REQ-0147","SYN-00384","2026-08-26",""
"HIRE-385","REQ-0147","SYN-00385","2026-09-14",""
"HIRE-386","REQ-0148","SYN-00386","2026-05-26",""
"HIRE-387","REQ-0149","SYN-00387","2026-09-15",""
"HIRE-388","REQ-0149","SYN-00388","2026-09-09",""
"HIRE-389","REQ-0149","SYN-00389","2026-08-28",""
"HIRE-390","REQ-0149","SYN-00390","2026-09-03",""
"HIRE-391","REQ-0150","SYN-00391","2026-09-12",""
"HIRE-392","REQ-0150","SYN-00392","2026-08-31",""
"HIRE-393","REQ-0150","SYN-00393","2026-09-05",""
"HIRE-394","REQ-0152","SYN-00394","2026-04-16",""
"HIRE-395","REQ-0152","SYN-00395","2026-04-16","2026-07-19"
"HIRE-396","REQ-0152","SYN-00396","2026-04-08",""
"HIRE-397","REQ-0152","SYN-00397","2026-04-23",""
"HIRE-398","REQ-0153","SYN-00398","2026-09-07",""
"HIRE-399","REQ-0153","SYN-00399","2026-07-31",""
"HIRE-400","REQ-0154","SYN-00400","2026-02-06",""
"HIRE-401","REQ-0154","SYN-00401","2026-01-27",""
"HIRE-402","REQ-0155","SYN-00402","2026-02-15",""
"HIRE-403","REQ-0155","SYN-00403","2026-02-20",""
"HIRE-404","REQ-0155","SYN-00404","2026-03-02",""
"HIRE-405","REQ-0156","SYN-00405","2026-02-18",""
"HIRE-406","REQ-0156","SYN-00406","2026-03-10","2026-04-06"
"HIRE-407","REQ-0156","SYN-00407","2026-02-08",""
"HIRE-408","REQ-0156","SYN-00408","2026-02-22",""
"HIRE-409","REQ-0156","SYN-00409","2026-02-26",""
"HIRE-410","REQ-0157","SYN-00410","2026-08-25",""
"HIRE-411","REQ-0157","SYN-00411","2026-08-20",""
"HIRE-412","REQ-0157","SYN-00412","2026-08-05",""
"HIRE-413","REQ-0157","SYN-00413","2026-08-10",""
"HIRE-414","REQ-0158","SYN-00414","2026-05-28",""
"HIRE-415","REQ-0158","SYN-00415","2026-05-14",""
"HIRE-416","REQ-0158","SYN-00416","2026-05-14",""
"HIRE-417","REQ-0158","SYN-00417","2026-06-10","2026-09-13"
"HIRE-418","REQ-0159","SYN-00418","2026-05-15",""
"HIRE-419","REQ-0159","SYN-00419","2026-06-14",""
"HIRE-420","REQ-0159","SYN-00420","2026-05-10",""
"HIRE-421","REQ-0160","SYN-00421","2026-08-10",""
"HIRE-422","REQ-0160","SYN-00422","2026-07-09",""
"HIRE-423","REQ-0160","SYN-00423","2026-07-05",""
"HIRE-424","REQ-0161","SYN-00424","2026-05-06",""
"HIRE-425","REQ-0162","SYN-00425","2026-08-08",""
"HIRE-426","REQ-0163","SYN-00426","2026-04-11",""
"HIRE-427","REQ-0163","SYN-00427","2026-04-26",""
"HIRE-428","REQ-0164","SYN-00428","2026-04-12",""
"HIRE-429","REQ-0164","SYN-00429","2026-04-13",""
"HIRE-430","REQ-0164","SYN-00430","2026-03-20",""
"HIRE-431","REQ-0164","SYN-00431","2026-03-28","2026-05-13"
"HIRE-432","REQ-0165","SYN-00432","2026-08-23","2026-09-05"
"HIRE-433","REQ-0165","SYN-00433","2026-08-14",""
"HIRE-434","REQ-0165","SYN-00434","2026-09-03",""
"HIRE-435","REQ-0165","SYN-00435","2026-08-04",""
"HIRE-436","REQ-0166","SYN-00436","2026-05-22",""
"HIRE-437","REQ-0166","SYN-00437","2026-05-20","2026-07-26"
"HIRE-438","REQ-0166","SYN-00438","2026-05-05",""
"HIRE-439","REQ-0166","SYN-00439","2026-05-15",""
"HIRE-440","REQ-0167","SYN-00440","2026-03-18",""
"HIRE-441","REQ-0167","SYN-00441","2026-03-16",""
"HIRE-442","REQ-0168","SYN-00442","2026-06-18",""
"HIRE-443","REQ-0169","SYN-00443","2026-04-30","2026-06-05"
"HIRE-444","REQ-0169","SYN-00444","2026-05-23",""
"HIRE-445","REQ-0170","SYN-00445","2026-03-19",""
"HIRE-446","REQ-0170","SYN-00446","2026-03-25",""
"HIRE-447","REQ-0170","SYN-00447","2026-03-30",""
"HIRE-448","REQ-0171","SYN-00448","2026-04-29",""
"HIRE-449","REQ-0171","SYN-00449","2026-05-26","2026-06-22"
"HIRE-450","REQ-0171","SYN-00450","2026-06-06","2026-06-18"
"HIRE-451","REQ-0172","SYN-00451","2026-07-13",""
"HIRE-452","REQ-0172","SYN-00452","2026-07-09",""
"HIRE-453","REQ-0172","SYN-00453","2026-06-21",""
"HIRE-454","REQ-0172","SYN-00454","2026-06-26",""
"HIRE-455","REQ-0172","SYN-00455","2026-07-02",""
"HIRE-456","REQ-0173","SYN-00456","2026-03-11","2026-06-16"
"HIRE-457","REQ-0173","SYN-00457","2026-03-29",""
"HIRE-458","REQ-0173","SYN-00458","2026-03-28",""
"HIRE-459","REQ-0173","SYN-00459","2026-03-06","2026-08-06"
"HIRE-460","REQ-0173","SYN-00460","2026-03-26",""
"HIRE-461","REQ-0173","SYN-00461","2026-03-18",""
"HIRE-462","REQ-0174","SYN-00462","2026-07-08",""
"HIRE-463","REQ-0175","SYN-00463","2026-02-22",""
"HIRE-464","REQ-0176","SYN-00464","2026-09-02",""
"HIRE-465","REQ-0176","SYN-00465","2026-09-07",""
"HIRE-466","REQ-0177","SYN-00466","2026-08-08",""
"HIRE-467","REQ-0177","SYN-00467","2026-07-21",""
"HIRE-468","REQ-0177","SYN-00468","2026-08-04",""
"HIRE-469","REQ-0177","SYN-00469","2026-07-17",""
"HIRE-470","REQ-0177","SYN-00470","2026-08-18",""
"HIRE-471","REQ-0178","SYN-00471","2026-09-12",""
"HIRE-472","REQ-0178","SYN-00472","2026-09-08",""
"HIRE-473","REQ-0178","SYN-00473","2026-09-09",""
"HIRE-474","REQ-0179","SYN-00474","2026-07-05",""
"HIRE-475","REQ-0179","SYN-00475","2026-07-22",""
"HIRE-476","REQ-0179","SYN-00476","2026-07-16",""
"HIRE-477","REQ-0180","SYN-00477","2026-07-01",""
